state,dem_candidate,gop_candidate,current_holder,polling_margin_dem,fundamentals_margin_dem,elasticity,dem_win_counts_for_seat_change,race_tier,notes,tier_error_multiplier,polling_active,candidate_status_as_of,poll_count,latest_poll_end_date,avg_poll_age_days,bayesian_polling_weight,pre_bayes_model_margin_dem,bayesian_model_margin_dem,bayesian_posterior_sd
Georgia,Jon Ossoff,Mike Collins / Derek Dooley runoff,D,0.9068288682603952,0.9068269214783818,1.1,1,Competitive,Democratic-held; GOP runoff after May 2026 primary.,1.0,True,2026-05-23,2.0,2026-05-11,15.080729907171778,0.743526856584559,0.906821277672205,0.9068269214783818,3.2743627807388136
Michigan,Democratic nominee TBD,Republican nominee TBD,D-open,2.0,2.003701379987723,1.05,1,Competitive,Open Democratic-held seat; Gary Peters retiring.,1.0,True,2026-05-23,,,,0.4584055459272097,2.006834228009331,2.003701379987723,4.758202841602318
Minnesota,Peggy Flanagan / Angie Craig primary,Michele Tafoya / Royce White / Tom Weiler / Adam Schwarze primary,D-open,6.0,6.003701379987723,0.9,1,Likely,Open Democratic-held seat; Tina Smith retiring.,0.85,True,2026-05-23,,,,0.4584055459272097,6.006834228009331,6.003701379987723,4.758202841602318
New Hampshire,Chris Pappas / Karishma Manzur / Jared Sullivan primary,Scott Brown / John E. Sununu / Daniel Innis primary,D-open,3.0,3.0037013799877226,1.05,1,Competitive,Open Democratic-held seat; Shaheen retiring.,1.0,True,2026-05-23,,,,0.4584055459272097,3.006834228009331,3.0037013799877226,4.758202841602318
North Carolina,Roy Cooper / Democratic primary,Michael Whatley / Don Brown / Republican primary,R-open,-1.41439042173441,-1.4143939450894485,1.05,1,Competitive,Open Republican-held seat; Tillis retiring; Cooper and Whatley are major candidates.,1.0,True,2026-05-23,2.0,2026-05-09,19.21585632601615,0.7161825892336087,-1.4144028358954326,-1.4143939450894485,3.4444934608698006
Maine,Graham Platner / David Costello primary,Susan Collins,R,1.0,0.9990475043234971,1.15,1,Competitive,Republican-held; Collins running; Democratic field includes Platner and Costello.,1.0,True,2026-05-23,1.0,2026-04-29,23.0,0.5423328191824633,0.9979188027535612,0.9990475043234971,4.374019682367271
Texas,James Talarico,John Cornyn / Ken Paxton runoff,R,-5.0,-5.00048035233624,0.75,1,Likely,Republican-held; Talarico won Democratic primary; Cornyn and Paxton in May 26 GOP runoff.,0.85,True,2026-05-23,1.0,2026-05-05,17.0,0.5796256782520319,-5.00114267763607,-5.00048035233624,4.192025710157741
Ohio,Sherrod Brown,Jon Husted,R-appointed,-4.0,-4.0029577958302545,0.8,1,Competitive,Special election; Husted appointed/incumbent; Brown Democratic nominee.,1.0,True,2026-05-23,1.0,2026-04-30,22.0,0.5564933384718633,-4.006669112522602,-4.0029577958302545,4.305820503376671
Florida,Angie Nixon / Alex Vindman primary,Ashley Moody,R-appointed,-7.0,-7.002254393578235,0.7,1,Likely,Special election; Moody appointed/incumbent; Democratic field includes Nixon and Vindman.,0.85,True,2026-05-23,1.0,2026-05-05,17.0,0.5711986674603773,-7.005257431372433,-7.002254393578235,4.233834825589844
Iowa,Jackie Norris / Nathan Sage / J.D. Scholten / Zach Wahls primary,Jim Carlin / Joshua Smith / GOP field,R-open,-7.0,-7.007402759975446,0.75,1,Likely,Open Republican-held seat; Joni Ernst not seeking reelection per current race summaries.,0.85,True,2026-05-23,,,,0.4584055459272097,-7.013668456018664,-7.007402759975446,4.758202841602318
Alaska,Mary Peltola / Dem-Ind field,Dan Sullivan,R,-6.0,-6.007402759975445,0.65,1,Likely,Republican-held; Sullivan incumbent; Democratic/independent field may include Mary Peltola.,0.85,True,2026-05-23,,,,0.4584055459272097,-6.013668456018662,-6.007402759975445,4.758202841602318
Colorado,John Hickenlooper,Republican nominee TBD,D,9.0,9.007402759975447,0.85,1,Safe,Democratic-held,0.65,False,2026-05-23,,,,0.4584055459272097,9.013668456018664,9.007402759975447,4.758202841602318
Delaware,Chris Coons,Republican nominee TBD,D,15.0,15.014805519950892,0.75,1,Safe,Democratic-held,0.65,False,2026-05-23,,,,0.4584055459272097,15.027336912037326,15.014805519950892,4.758202841602318
Illinois,Juliana Stratton,Don Tracy,D-open,14.0,14.007402759975449,0.75,1,Safe,Open Democratic-held seat; Durbin retiring; current reporting identifies Stratton and Tracy as nominees/primary winners.,0.65,False,2026-05-23,,,,0.4584055459272097,14.013668456018664,14.007402759975449,4.758202841602318
Massachusetts,Ed Markey,Republican nominee TBD,D,25.0,25.014805519950894,0.6,1,UltraSafe,Democratic-held,0.45,False,2026-05-23,,,,0.4584055459272097,25.027336912037324,25.014805519950894,4.758202841602318
New Jersey,Cory Booker,Republican nominee TBD,D,11.0,11.007402759975445,0.85,1,Safe,Democratic-held,0.65,False,2026-05-23,,,,0.4584055459272097,11.013668456018662,11.007402759975445,4.758202841602318
New Mexico,Ben Ray Lujan,Republican nominee TBD,D,9.0,9.007402759975447,0.9,1,Safe,Democratic-held,0.65,False,2026-05-23,,,,0.4584055459272097,9.013668456018664,9.007402759975447,4.758202841602318
Oregon,Jeff Merkley,David Brock Smith,D,14.0,14.007402759975449,0.8,1,Safe,Democratic-held; David Brock Smith listed as GOP nominee in current reporting.,0.65,False,2026-05-23,,,,0.4584055459272097,14.013668456018664,14.007402759975449,4.758202841602318
Rhode Island,Jack Reed,Republican nominee TBD,D,22.0,22.014805519950894,0.65,1,UltraSafe,Democratic-held,0.45,False,2026-05-23,,,,0.4584055459272097,22.027336912037327,22.014805519950894,4.758202841602318
Virginia,Mark Warner,Republican nominee TBD,D,7.0,7.007402759975446,0.95,1,Likely,Democratic-held,0.85,True,2026-05-23,,,,0.4584055459272097,7.013668456018664,7.007402759975446,4.758202841602318
Alabama,Democratic nominee TBD,Republican nominee TBD,R-open,-25.0,-25.014805519950894,0.55,1,UltraSafe,Open Republican-held seat; Tommy Tuberville not seeking Senate reelection.,0.45,False,2026-05-23,,,,0.4584055459272097,-25.027336912037324,-25.014805519950894,4.758202841602318
Arkansas,Democratic nominee TBD,Tom Cotton,R,-28.0,-28.014805519950897,0.5,1,UltraSafe,Republican-held,0.45,False,2026-05-23,,,,0.4584055459272097,-28.027336912037327,-28.014805519950897,4.758202841602318
Idaho,Democratic nominee TBD,Republican nominee TBD,R,-30.0,-30.014805519950897,0.45,1,UltraSafe,Republican-held,0.45,False,2026-05-23,,,,0.4584055459272097,-30.027336912037327,-30.014805519950897,4.758202841602318
Kansas,Democratic nominee TBD,Roger Marshall,R,-16.0,-16.01480551995089,0.7,1,Safe,Republican-held,0.65,False,2026-05-23,,,,0.4584055459272097,-16.027336912037327,-16.01480551995089,4.758202841602318
Kentucky,Pamela Stevenson / Charles Booker / Amy McGrath primary,Andy Barr / Daniel Cameron primary,R-open,-20.0,-20.01480551995089,0.6,1,Safe,Open Republican-held seat; McConnell retiring; GOP primary field includes Barr and Cameron.,0.65,False,2026-05-23,,,,0.4584055459272097,-20.027336912037324,-20.01480551995089,4.758202841602318
Louisiana,Democratic nominee TBD,Julia Letlow / John Fleming runoff,R,-18.0,-18.01480551995089,0.6,1,Safe,Republican-held; current summaries indicate GOP runoff after Cassidy primary loss.,0.65,False,2026-05-23,,,,0.4584055459272097,-18.027336912037324,-18.01480551995089,4.758202841602318
Mississippi,Democratic nominee TBD,Cindy Hyde-Smith,R,-17.0,-17.01480551995089,0.6,1,Safe,Republican-held,0.65,False,2026-05-23,,,,0.4584055459272097,-17.027336912037324,-17.01480551995089,4.758202841602318
Montana,Democratic nominee TBD,Republican nominee TBD,R-open,-15.0,-15.014805519950892,0.65,1,Safe,Open Republican-held seat; Daines not seeking reelection per current race summaries.,0.65,False,2026-05-23,,,,0.4584055459272097,-15.027336912037326,-15.014805519950892,4.758202841602318
Nebraska,Democratic / Independent nominee TBD,Pete Ricketts,R,-18.0,-18.01480551995089,0.55,1,Safe,Republican-held,0.65,False,2026-05-23,,,,0.4584055459272097,-18.027336912037324,-18.01480551995089,4.758202841602318
Oklahoma,Troy Green / Jim Priest / N'Kiyla Thomas primary,Kevin Hern / William Buckner / Gary Ty England / GOP primary,R-open,-30.0,-30.014805519950897,0.45,1,UltraSafe,Open Republican-held seat per current race summaries.,0.45,False,2026-05-23,,,,0.4584055459272097,-30.027336912037327,-30.014805519950897,4.758202841602318
South Carolina,Annie Andrews / Brandon Brown / Kyle Freeman primary,Lindsey Graham / Republican primary,R,-12.0,-12.01480551995089,0.7,1,Safe,Republican-held; Graham incumbent running.,0.65,False,2026-05-23,,,,0.4584055459272097,-12.027336912037324,-12.01480551995089,4.758202841602318
South Dakota,Democratic nominee TBD,Mike Rounds,R,-25.0,-25.014805519950894,0.5,1,UltraSafe,Republican-held,0.45,False,2026-05-23,,,,0.4584055459272097,-25.027336912037324,-25.014805519950894,4.758202841602318
Tennessee,Democratic nominee TBD,Bill Hagerty,R,-22.0,-22.014805519950894,0.55,1,UltraSafe,Republican-held,0.45,False,2026-05-23,,,,0.4584055459272097,-22.027336912037327,-22.014805519950894,4.758202841602318
West Virginia,Democratic nominee TBD,Shelley Moore Capito,R,-30.0,-30.014805519950897,0.45,1,UltraSafe,Republican-held,0.45,False,2026-05-23,,,,0.4584055459272097,-30.027336912037327,-30.014805519950897,4.758202841602318
Wyoming,James W. Byrd,Harriet Hageman / Sam Mead / Jimmy Skovgard primary,R-open,-35.0,-35.0148055199509,0.4,1,UltraSafe,Open Republican-held seat per current summaries.,0.45,False,2026-05-23,,,,0.4584055459272097,-35.02733691203733,-35.0148055199509,4.758202841602318
